{"cameraMode":{"drawMode":0,"name":"Shaded","section":"Shading Mode"},"sceneLighting":false,"audioPlay":false,"sceneViewState":{"showFog":true,"showMaterialUpdate":false,"showSkybox":false,"showFlares":true,"showImageEffects":true,"showParticleSystems":true},"in2DMode":false,"pivot":{"x":-0.143280029296875,"y":0.439422607421875,"z":-0.8700013160705566},"rotation":{"x":0.23166830837726594,"y":-0.012345291674137116,"z":0.0029358004685491325,"w":0.9727213382720947},"size":9.433984756469727,"orthographic":false}