{"cameraMode":{"drawMode":0,"name":"Shaded","section":"Shading Mode"},"sceneLighting":true,"audioPlay":false,"sceneViewState":{"showFog":true,"showMaterialUpdate":false,"showSkybox":true,"showFlares":true,"showImageEffects":true,"showParticleSystems":true},"in2DMode":false,"pivot":{"x":-0.006034731864929199,"y":2.0102458000183107,"z":2.1669089794158937},"rotation":{"x":0.028297945857048036,"y":0.023298846557736398,"z":-0.0006639717030338943,"w":0.9993365406990051},"size":1.721114158630371,"orthographic":false}